Date,AZ-Phoenix,CA-Los Angeles,CA-San Diego,CA-San Francisco,CO-Denver,DC-Washington,FL-Miami,FL-Tampa,GA-Atlanta,IL-Chicago,MA-Boston,MI-Detroit,MN-Minneapolis,NC-Charlotte,NV-Las Vegas,NY-New York,OH-Cleveland,OR-Portland,TX-Dallas,WA-Seattle,Composite-10,Composite-20,National-US
1987-01-01,,59.33,54.67,46.61,50.2,64.11,68.5,77.33,,53.55,70.04,,,63.39,66.36,74.42,53.53,41.05,,,62.82,,63.75
1987-02-01,,59.65,54.89,46.87,49.96,64.77,68.76,77.93,,54.64,70.08,,,63.94,67.03,75.43,53.5,41.28,,,63.39,,64.15
1987-03-01,,59.99,55.16,47.32,50.15,65.71,69.23,77.76,,54.8,70.0,,,64.17,67.34,76.25,53.68,41.06,,,63.87,,64.49
1987-04-01,,60.81,55.85,47.69,50.55,66.4,69.2,77.56,,54.88,70.7,,,64.81,67.88,77.34,53.75,40.96,,,64.57,,64.99
1987-05-01,,61.67,56.35,48.31,50.63,67.27,69.46,77.85,,55.43,71.51,,,65.18,67.9,79.16,54.71,41.24,,,65.56,,65.57
1987-06-01,,62.71,56.86,48.83,50.5,68.7,69.31,78.71,,56.39,72.32,,,65.55,66.48,80.84,55.12,41.45,,,66.59,,66.24
1987-07-01,,63.66,57.26,49.49,50.28,69.79,69.7,79.11,,57.54,73.09,,,65.76,65.43,82.22,55.74,41.82,,,67.54,,66.8
1987-08-01,,64.56,57.69,49.94,50.38,70.62,70.16,79.14,,58.37,73.79,,,66.08,65.14,83.01,56.1,41.9,,,68.25,,67.29
1987-09-01,,65.38,58.14,50.69,50.18,71.79,70.95,79.24,,58.85,74.39,,,66.47,65.85,83.44,56.51,41.8,,,68.87,,67.64
1987-10-01,,66.2,58.53,51.33,50.38,72.57,71.28,79.09,,59.32,74.63,,,66.77,66.21,83.88,56.61,41.86,,,69.42,,67.92
1987-11-01,,66.94,59.02,51.8,49.89,73.18,71.5,79.05,,59.34,74.83,,,67.09,67.05,84.02,56.6,41.67,,,69.76,,68.11
1987-12-01,,67.91,59.4,52.03,49.86,73.42,71.41,79.15,,60.3,74.74,,,67.19,66.66,84.41,56.38,41.88,,,70.22,,68.36
1988-01-01,,68.66,59.86,52.24,49.35,74.07,71.66,79.36,,61.2,74.4,,,67.61,66.64,84.12,56.44,41.61,,,70.45,,68.6
1988-02-01,,69.36,60.12,52.64,49.27,74.88,71.68,79.21,,62.78,74.02,,,67.44,65.89,83.92,56.45,41.48,,,70.77,,68.93
1988-03-01,,70.14,60.87,53.19,48.85,76.04,72.19,79.26,,64.45,73.4,,,67.95,66.26,83.48,57.16,41.85,,,71.12,,69.33
1988-04-01,,70.83,61.19,54.19,48.58,77.02,72.47,79.44,,65.22,73.78,,,67.79,67.11,83.71,57.66,42.1,,,71.65,,69.8
1988-05-01,,72.03,61.68,56.09,48.22,78.19,72.76,79.88,,65.53,74.46,,,67.92,67.51,84.23,58.25,42.58,,,72.48,,70.42
1988-06-01,,74.35,61.54,58.22,48.27,79.56,73.55,80.25,,66.85,75.07,,,68.14,67.18,84.59,59.23,42.75,,,73.63,,71.08
1988-07-01,,77.22,64.81,58.7,48.33,81.25,74.13,80.74,,67.07,75.53,,,68.64,67.36,85.02,59.7,43.09,,,74.81,,71.69
1988-08-01,,79.27,65.64,59.0,48.52,82.35,75.02,80.95,,68.66,75.47,,,69.67,68.11,85.33,60.32,43.54,,,75.7,,72.19
1988-09-01,,81.23,66.45,59.5,48.37,83.59,75.63,80.78,,68.71,75.38,,,69.93,69.06,85.54,60.6,43.72,,,76.4,,72.58
1988-10-01,,82.94,67.47,60.37,48.27,83.94,75.86,80.84,,69.37,75.25,,,70.1,69.19,85.14,60.84,44.02,,,76.9,,72.83
1988-11-01,,84.69,68.62,61.31,47.86,84.68,76.09,80.61,,68.27,75.01,,,69.56,68.64,84.82,60.88,44.05,,,77.28,,73.07
1988-12-01,,85.97,69.84,62.2,47.36,85.74,76.19,80.74,,67.7,74.79,,,69.7,67.98,84.33,61.06,44.24,,,77.58,,73.29
1989-01-01,67.54,87.3,70.96,62.66,47.23,86.5,76.59,80.41,,67.46,74.23,,63.13,69.76,68.73,84.32,61.41,44.26,,,77.99,,73.62
1989-02-01,67.43,88.28,72.27,63.32,47.21,87.34,76.82,80.73,,68.32,74.59,,62.81,70.23,69.11,83.77,61.25,44.57,,,78.36,,73.97
1989-03-01,67.71,90.34,73.92,64.64,47.33,88.14,77.0,81.57,,69.93,74.48,,62.43,70.52,69.97,83.27,61.37,44.56,,,79.12,,74.41
1989-04-01,67.65,92.11,75.45,66.27,47.33,88.99,77.32,81.8,,70.68,74.63,,63.03,70.67,69.61,82.94,61.57,45.0,,,79.83,,74.87
1989-05-01,67.9,93.98,76.83,67.77,47.49,89.62,77.19,82.34,,70.48,74.73,,63.31,71.13,69.64,82.97,62.63,45.44,,,80.52,,75.3
1989-06-01,67.66,95.55,78.31,69.26,47.73,90.48,77.68,82.06,,70.91,74.63,,63.89,71.52,71.19,82.95,63.13,46.1,,,81.24,,75.7
1989-07-01,67.56,96.71,79.36,70.27,47.64,91.26,78.05,82.13,,70.89,74.68,,63.85,71.79,71.56,82.67,63.78,46.5,,,81.66,,76.05
1989-08-01,67.28,97.51,80.56,71.36,47.78,91.84,78.56,81.5,,71.31,74.07,,64.07,71.92,72.65,82.63,64.59,46.97,,,82.08,,76.28
1989-09-01,67.14,97.99,81.58,72.31,47.8,92.35,78.58,81.77,,70.88,73.71,,64.0,71.9,73.41,82.38,65.04,47.26,,,82.25,,76.43
1989-10-01,66.68,98.55,82.44,72.95,48.12,92.45,78.62,82.0,,70.36,73.38,,64.21,72.05,74.27,82.36,65.23,47.67,,,82.44,,76.49
1989-11-01,66.52,99.29,83.0,73.25,48.18,92.45,78.51,82.29,,69.57,73.31,,64.42,72.16,74.74,81.85,64.74,47.88,,,82.43,,76.52
1989-12-01,66.41,99.88,83.55,73.02,48.06,92.64,78.74,82.05,,68.91,73.02,,64.35,72.48,74.99,81.32,64.94,48.67,,,82.35,,76.5
1990-01-01,66.56,100.23,83.77,72.87,47.98,92.99,79.2,82.26,,68.5,72.76,,63.84,72.69,75.46,80.89,64.78,49.42,,58.23,82.29,,76.53
1990-02-01,66.51,100.15,84.08,72.95,48.08,93.18,79.48,82.42,,68.06,72.28,,63.66,72.92,75.14,80.53,65.13,50.27,,59.98,82.15,,76.59
1990-03-01,66.44,100.02,84.43,73.5,48.29,93.02,79.3,83.03,,68.68,71.19,,63.98,72.99,76.08,79.99,65.44,50.25,,62.29,82.02,,76.79
1990-04-01,66.48,99.99,85.09,74.57,48.4,93.22,79.24,82.64,,69.43,70.91,,64.44,73.18,76.77,79.34,66.51,51.09,,65.09,82.05,,77.04
1990-05-01,66.44,99.79,85.53,75.12,48.4,93.01,79.33,82.76,,69.97,70.42,,64.73,73.5,77.59,79.05,67.07,51.89,,66.82,82.01,,77.3
1990-06-01,66.56,100.24,86.01,75.15,48.75,92.95,79.78,82.57,,70.62,70.14,,64.72,74.1,78.34,78.96,67.94,53.54,,68.06,82.19,,77.5
1990-07-01,66.61,100.05,86.02,74.81,48.84,92.81,80.03,82.84,,71.23,69.84,,64.63,74.12,79.53,78.78,68.46,54.72,,68.3,82.1,,77.56
1990-08-01,66.58,99.99,85.86,74.45,48.99,92.35,80.11,82.67,,71.48,69.56,,64.34,74.33,80.95,78.21,68.95,56.02,,68.61,81.86,,77.47
1990-09-01,66.25,99.26,85.76,74.24,48.98,91.81,79.94,82.17,,71.61,69.3,,64.26,74.09,81.64,77.41,69.11,57.02,,68.13,81.39,,77.22
1990-10-01,65.93,98.66,85.32,73.44,48.86,91.48,79.67,81.73,,70.99,68.72,,64.51,74.12,82.41,76.8,68.97,57.39,,67.59,80.84,,76.91
1990-11-01,65.41,97.36,84.98,72.58,48.78,91.08,79.75,81.57,,70.73,67.36,,64.4,73.36,81.85,76.14,68.86,57.27,,66.88,80.09,,76.37
1990-12-01,65.36,96.54,83.93,71.47,48.53,90.74,79.41,81.71,,70.08,66.13,,64.5,73.46,81.78,75.6,68.52,56.72,,66.38,79.38,,75.97
1991-01-01,65.26,95.28,83.13,71.17,48.67,89.38,79.08,81.75,69.61,70.04,64.97,58.24,64.21,73.32,80.96,74.59,68.24,56.53,,65.53,78.53,,75.53
1991-02-01,65.29,94.12,81.87,70.27,48.68,88.8,78.55,81.76,69.17,70.5,64.17,57.76,64.2,73.26,81.58,73.69,67.96,56.94,,64.6,77.77,,75.25
1991-03-01,64.6,92.83,80.89,69.56,48.85,87.59,78.44,81.43,69.05,70.63,63.57,57.63,64.19,72.75,81.65,72.87,68.18,58.03,,64.47,77.0,,75.14
1991-04-01,64.35,92.83,80.73,69.46,49.2,87.56,78.55,81.46,69.4,71.09,63.35,57.85,64.3,72.88,81.67,72.29,69.1,58.39,,65.09,76.86,,75.32
1991-05-01,64.37,93.37,81.41,70.13,49.51,88.61,77.95,81.33,69.69,71.36,63.84,58.36,64.75,73.26,82.02,72.63,69.92,58.9,,66.03,77.31,,75.77
1991-06-01,64.88,94.25,82.2,70.83,50.09,89.28,78.49,81.77,70.14,71.66,64.25,58.9,64.95,73.49,81.91,73.5,70.55,59.54,,66.68,78.02,,76.26
1991-07-01,65.5,94.85,82.59,71.39,50.55,89.57,78.64,81.85,70.12,72.16,64.49,59.29,65.65,73.61,83.35,74.39,71.09,59.89,,66.93,78.61,,76.51
1991-08-01,65.87,95.21,82.47,71.52,50.86,89.13,79.56,82.1,70.48,72.62,64.79,59.65,65.94,73.59,84.07,74.9,71.31,60.17,,67.04,78.93,,76.59
1991-09-01,66.04,94.92,82.2,71.55,50.9,88.82,79.27,81.65,70.35,72.59,64.83,59.7,66.14,73.38,85.46,75.06,71.65,60.2,,66.99,78.88,,76.58
1991-10-01,65.84,94.51,82.02,71.21,50.99,88.62,79.31,81.52,70.29,72.43,64.71,59.84,65.73,73.58,83.81,75.01,71.52,60.64,,66.48,78.68,,76.29
1991-11-01,66.1,93.67,81.76,70.69,51.03,88.75,79.29,81.69,70.09,72.23,64.05,59.71,65.68,73.52,81.98,74.84,71.42,60.59,,66.13,78.31,,76.04
1991-12-01,65.95,93.01,81.14,70.05,51.08,88.29,79.09,81.75,69.9,72.45,63.69,59.78,65.81,73.8,82.87,74.74,71.0,61.08,,65.7,77.99,,75.84
1992-01-01,66.01,92.45,80.48,69.67,51.25,88.25,79.1,81.49,70.05,72.71,63.18,59.56,65.65,73.58,82.85,74.59,71.16,61.4,,65.61,77.74,,75.7
1992-02-01,65.88,91.97,79.87,69.48,51.94,87.75,78.51,80.4,69.88,73.19,62.94,59.47,66.19,73.56,83.09,74.38,71.22,61.54,,65.54,77.51,,75.66
1992-03-01,65.93,90.97,79.98,69.17,52.83,87.97,78.6,80.27,69.96,73.51,62.97,59.56,66.6,73.29,82.66,74.27,71.74,61.57,,66.18,77.31,,75.82
1992-04-01,65.83,90.58,80.18,69.26,53.48,88.43,78.98,80.63,69.91,72.97,63.69,60.16,67.0,73.25,82.47,74.4,72.16,61.8,,66.87,77.36,,76.08
1992-05-01,66.02,90.4,80.4,69.86,53.79,88.97,79.42,81.05,70.28,73.36,64.09,60.61,67.08,73.45,82.89,74.69,72.7,62.24,,67.57,77.62,,76.4
1992-06-01,66.08,90.41,80.27,70.02,54.18,89.24,79.78,81.22,70.59,74.45,64.38,60.92,67.3,73.6,82.84,75.14,73.16,62.73,,67.9,77.94,,76.61
1992-07-01,66.26,90.06,80.1,70.0,54.4,89.08,78.05,80.69,71.29,75.48,64.46,61.15,67.5,74.14,82.85,75.47,73.4,62.92,,67.98,77.95,,76.72
1992-08-01,66.46,89.86,79.8,69.64,54.77,89.03,77.95,80.57,71.51,75.75,64.75,61.51,67.66,74.41,82.8,75.79,73.77,63.49,,67.75,77.99,,76.74
1992-09-01,66.54,89.11,79.58,69.51,54.97,88.74,77.61,80.54,71.59,75.82,64.63,61.68,67.59,74.6,82.98,75.74,74.07,63.84,,67.44,77.76,,76.64
1992-10-01,66.55,87.95,78.48,69.28,54.96,88.79,79.54,81.5,71.17,75.79,64.62,61.55,67.79,74.38,83.65,75.48,74.21,64.23,,67.74,77.45,,76.61
1992-11-01,66.52,86.8,78.18,68.85,55.21,88.75,79.7,81.87,71.33,75.82,64.17,61.36,67.93,74.18,83.67,75.38,74.3,64.87,,67.57,77.09,,76.59
1992-12-01,66.59,85.6,77.19,68.21,55.35,88.63,79.99,81.53,71.33,75.43,64.29,61.44,67.98,74.42,82.91,75.35,74.15,64.78,,67.47,76.68,,76.47
1993-01-01,66.83,84.88,77.25,67.77,55.83,88.73,79.94,81.32,71.5,75.38,64.44,61.36,67.7,74.57,82.34,75.54,74.29,64.93,,67.49,76.56,,76.4
1993-02-01,66.83,84.09,76.32,67.44,56.05,88.75,79.92,81.17,71.26,75.53,64.26,61.32,67.68,74.68,82.67,75.42,73.96,64.95,,67.76,76.28,,76.34
1993-03-01,67.21,82.76,75.94,67.09,56.68,88.73,79.64,81.93,71.49,75.8,64.0,61.2,68.4,74.58,82.78,75.32,74.08,65.3,,68.19,75.91,,76.39
1993-04-01,67.3,82.05,75.46,67.59,57.05,88.51,80.13,82.38,71.94,75.97,63.98,61.58,68.96,74.48,82.34,75.34,74.63,66.29,,67.94,75.83,,76.67
1993-05-01,67.75,81.67,75.57,67.9,57.59,88.48,80.77,82.56,72.53,76.58,64.56,62.06,69.37,74.66,81.72,75.71,75.47,67.03,,68.14,76.04,,77.04
1993-06-01,67.95,81.69,75.4,67.99,58.42,89.04,81.36,82.35,72.92,77.59,65.43,62.74,69.36,75.13,81.73,76.44,76.07,68.05,,68.13,76.51,,77.52
1993-07-01,68.44,81.11,75.02,67.65,59.1,89.4,81.78,82.29,73.33,78.1,66.11,63.21,69.79,75.56,82.13,76.84,76.53,68.52,,68.18,76.61,,77.89
1993-08-01,68.72,80.33,74.71,67.63,59.93,89.51,82.14,82.81,73.61,78.35,66.62,63.67,70.14,75.73,82.73,76.99,76.67,68.63,,68.59,76.59,,78.14
1993-09-01,69.28,79.77,74.79,67.5,60.42,89.18,82.49,83.62,73.87,78.35,66.62,63.83,70.71,75.64,83.3,76.99,77.12,68.98,,69.21,76.47,,78.21
1993-10-01,69.41,78.92,74.53,67.18,60.99,88.86,82.82,83.92,73.91,78.37,66.46,64.09,70.91,75.82,83.7,76.92,77.38,69.45,,69.47,76.22,,78.18
1993-11-01,69.81,78.36,74.51,66.77,61.38,88.57,82.68,83.62,73.97,78.42,66.33,64.29,71.23,76.14,84.03,76.88,77.87,70.3,,69.65,76.02,,78.18
1993-12-01,70.03,77.3,73.74,66.27,62.01,88.65,82.89,82.85,74.27,78.81,66.27,64.39,71.13,76.74,83.78,76.71,78.05,70.52,,69.52,75.71,,78.13
1994-01-01,70.53,77.0,73.84,65.98,62.49,88.63,83.46,82.75,74.72,79.62,66.36,64.3,71.48,77.01,83.72,76.61,78.3,70.79,,69.82,75.71,,78.21
1994-02-01,70.82,76.86,73.47,65.79,63.04,88.45,84.25,83.12,75.08,79.67,66.31,64.31,72.02,77.09,83.48,76.43,78.17,71.1,,69.58,75.63,,78.22
1994-03-01,71.28,76.47,73.39,66.37,63.61,88.57,84.74,83.76,75.21,79.64,66.65,64.6,73.1,77.27,83.69,76.6,78.29,71.69,,69.84,75.73,,78.36
1994-04-01,71.73,76.44,73.62,67.05,64.44,89.02,84.85,83.76,75.26,79.79,67.26,64.9,73.18,77.5,84.04,76.88,78.79,72.55,,70.33,76.03,,78.72
1994-05-01,72.14,76.39,74.32,67.7,65.09,89.78,84.89,83.91,75.71,80.4,67.63,65.42,73.12,77.85,85.26,77.55,79.64,73.45,,71.51,76.49,,79.23
1994-06-01,72.47,76.72,74.81,68.15,65.86,90.48,85.31,84.01,76.15,80.91,68.46,66.01,72.93,78.28,85.84,78.2,80.15,74.19,,71.97,77.04,,79.72
1994-07-01,73.0,76.95,75.1,68.38,66.3,90.77,85.63,84.72,76.6,81.19,68.84,66.62,72.89,78.91,86.45,78.78,80.46,74.91,,72.12,77.4,,80.08
1994-08-01,73.53,77.25,74.75,68.4,66.71,90.73,86.11,85.25,76.88,81.61,69.27,67.15,73.08,79.52,86.37,79.08,80.68,75.44,,71.93,77.64,,80.33
1994-09-01,74.06,77.13,74.23,68.21,66.81,90.52,86.3,85.4,76.95,81.68,69.25,67.48,73.12,79.84,86.54,79.08,80.8,75.87,,71.93,77.57,,80.35
1994-10-01,74.26,77.07,73.99,68.17,67.03,90.33,86.47,85.1,77.25,81.89,69.21,67.65,73.17,79.87,86.69,78.87,81.03,75.99,,72.01,77.5,,80.32
1994-11-01,74.46,76.59,73.6,68.04,67.16,90.18,86.69,85.01,77.56,81.76,68.88,67.66,73.22,79.7,86.77,78.5,81.32,76.21,,71.99,77.23,,80.18
1994-12-01,74.79,76.07,73.02,67.93,67.4,89.76,87.01,85.25,77.95,81.66,68.48,67.94,72.85,80.03,87.17,78.36,81.13,76.19,,71.73,76.99,,80.09
1995-01-01,75.11,75.91,72.58,67.73,67.59,89.27,87.02,85.78,78.16,81.38,68.3,68.72,72.96,80.47,87.04,78.28,81.12,76.79,,71.72,76.82,,80.04
1995-02-01,75.37,75.36,72.53,67.4,67.82,88.96,86.64,85.53,78.26,81.61,68.19,70.47,73.61,80.94,87.34,78.29,80.75,77.06,,71.2,76.64,,80.01
1995-03-01,75.52,74.99,72.41,66.79,68.22,88.62,86.3,85.5,78.32,81.8,68.31,70.25,74.59,81.1,87.39,77.95,81.03,77.9,,71.44,76.38,,80.1
1995-04-01,75.8,74.78,72.59,67.08,68.6,88.66,86.47,85.51,78.4,81.9,68.23,69.82,75.07,81.5,87.99,77.77,81.89,78.06,,71.28,76.36,,80.4
1995-05-01,76.16,74.92,72.62,67.31,69.2,88.91,86.67,85.74,78.55,82.13,68.79,70.05,75.31,81.89,88.04,78.03,82.63,78.52,,71.88,76.6,,80.72
1995-06-01,76.82,74.88,72.48,67.5,69.63,89.06,86.98,86.43,78.76,82.82,69.75,70.6,75.56,82.53,88.03,78.58,83.7,79.5,,72.01,76.94,,81.09
1995-07-01,77.26,75.06,72.63,67.72,70.18,89.16,86.96,86.67,79.14,83.38,70.44,71.15,76.05,83.22,88.1,78.99,83.71,80.25,,72.62,77.26,,81.44
1995-08-01,77.71,75.11,72.72,67.78,70.58,89.35,87.39,87.12,79.57,83.79,71.04,71.76,76.42,83.83,88.6,79.17,84.18,81.22,,72.88,77.47,,81.68
1995-09-01,77.87,74.87,72.71,67.76,71.02,89.32,87.37,87.24,79.9,83.92,70.94,72.4,76.57,84.34,88.96,79.17,84.32,81.45,,73.02,77.43,,81.76
1995-10-01,78.15,74.6,72.33,67.3,71.26,89.11,87.64,87.38,80.1,83.79,70.69,72.75,75.92,84.57,89.21,79.11,84.66,81.92,,73.1,77.26,,81.75
1995-11-01,78.39,74.13,71.79,66.8,71.38,88.68,87.55,87.41,80.18,83.97,70.19,73.11,76.01,84.69,89.15,78.85,84.61,82.03,,72.92,76.95,,81.66
1995-12-01,78.74,73.6,71.36,66.43,71.5,88.44,87.69,87.13,80.38,83.8,69.93,73.2,76.13,84.97,89.04,78.7,84.39,82.54,,72.83,76.68,,81.54
1996-01-01,79.1,73.39,71.36,66.15,71.34,88.2,87.52,87.04,80.7,83.77,70.15,73.33,76.22,85.24,88.91,78.63,84.14,82.8,,72.35,76.56,,81.46
1996-02-01,79.47,73.1,71.39,65.97,71.43,87.83,87.43,87.08,80.97,83.31,70.08,73.82,76.35,85.68,89.25,78.73,84.19,83.5,,72.45,76.44,,81.43
1996-03-01,79.93,73.07,71.22,65.92,71.9,87.8,86.73,87.58,81.1,83.48,70.57,74.2,76.5,87.15,89.13,78.9,84.82,84.02,,73.21,76.49,,81.7
1996-04-01,80.39,73.35,71.56,66.44,72.72,88.39,87.1,87.75,81.49,84.35,70.88,74.99,76.54,87.97,89.59,78.94,85.96,85.18,,73.71,76.84,,82.15
1996-05-01,80.73,73.88,72.05,67.05,73.36,88.83,87.34,87.79,81.85,84.88,71.52,75.72,76.68,88.78,89.77,79.36,86.55,85.98,,74.25,77.33,,82.63
1996-06-01,81.1,74.52,72.23,67.67,73.58,89.19,87.61,87.9,82.26,85.53,72.47,76.53,77.28,88.62,90.26,79.52,87.1,86.63,,74.63,77.78,,83.08
1996-07-01,81.45,74.71,72.26,68.02,73.91,89.33,87.84,87.89,82.3,85.75,73.24,77.29,78.14,88.56,90.43,79.97,87.6,87.02,,74.68,78.1,,83.45
1996-08-01,81.87,74.9,72.02,68.35,73.97,89.41,87.97,88.2,82.61,86.03,73.98,77.97,78.57,88.68,90.37,80.31,87.78,87.27,,75.01,78.36,,83.68
1996-09-01,82.1,74.69,72.23,68.43,74.26,89.29,88.13,88.1,82.93,86.03,73.86,78.51,78.89,88.49,90.1,80.45,87.9,88.13,,74.68,78.37,,83.74
1996-10-01,82.21,74.7,72.07,68.53,74.51,89.21,88.11,88.46,83.14,86.1,73.9,78.98,79.17,88.53,89.88,80.35,87.92,89.15,,74.95,78.36,,83.66
1996-11-01,82.3,74.5,72.2,68.72,74.81,88.94,88.24,88.37,83.36,86.21,73.58,79.24,79.51,88.69,89.58,80.02,87.85,90.16,,74.67,78.23,,83.59
1996-12-01,82.34,74.15,71.74,68.69,75.07,88.45,88.16,88.76,83.33,86.29,73.84,79.19,79.66,88.87,90.01,80.03,87.69,90.59,,74.7,78.12,,83.52
1997-01-01,82.59,73.91,71.95,68.8,74.96,88.26,88.14,88.52,83.54,86.04,74.02,79.1,79.73,89.28,90.49,80.08,87.21,90.79,,74.84,78.08,,83.56
1997-02-01,82.9,73.54,72.04,68.81,75.15,88.17,87.94,88.37,83.54,85.84,73.93,78.91,79.59,89.39,91.39,80.08,87.62,91.68,,75.43,77.98,,83.63
1997-03-01,83.39,73.98,72.45,69.78,75.69,88.47,87.93,87.59,83.78,86.21,74.48,79.7,79.41,90.3,91.62,79.97,88.15,92.63,,76.33,78.29,,83.94
1997-04-01,83.88,74.82,73.04,71.09,76.36,88.44,88.33,88.17,84.37,86.42,74.92,80.49,79.3,90.42,91.46,80.03,88.6,93.53,,77.71,78.76,,84.36
1997-05-01,84.26,75.72,73.56,72.19,76.95,88.88,88.58,88.57,85.03,86.74,75.86,81.45,80.02,90.85,91.48,80.53,89.18,93.92,,79.18,79.42,,84.9
1997-06-01,84.52,76.62,74.49,73.12,77.6,89.4,88.81,88.87,85.38,87.26,76.9,82.21,80.65,91.01,91.8,81.53,89.33,93.45,,80.35,80.25,,85.44
1997-07-01,84.56,77.2,74.99,73.75,78.22,89.68,88.83,89.13,85.61,87.88,77.61,82.8,82.33,91.55,92.32,82.32,90.06,93.52,,81.44,80.86,,85.88
1997-08-01,84.84,78.07,75.73,74.43,78.76,89.97,89.0,89.54,85.75,88.34,78.14,83.2,82.73,91.83,92.74,82.72,89.92,93.2,,81.72,81.41,,86.19
1997-09-01,85.26,78.29,75.95,74.76,78.88,89.93,89.31,89.71,86.26,88.46,78.33,84.0,82.26,92.18,92.88,82.8,90.37,93.37,,82.1,81.57,,86.35
1997-10-01,85.81,78.77,76.47,75.22,79.14,89.98,89.71,89.71,86.52,88.62,78.64,84.41,82.55,92.41,93.1,82.84,89.99,93.11,,82.32,81.83,,86.44
1997-11-01,86.17,78.97,76.77,75.31,79.45,89.75,90.03,89.75,86.95,88.99,78.77,84.84,82.52,92.32,93.01,82.94,90.49,93.5,,82.68,81.98,,86.67
1997-12-01,86.41,79.5,77.57,75.81,79.91,89.71,90.5,90.2,87.09,89.18,78.94,84.81,82.76,92.15,93.04,83.11,90.37,93.77,,83.15,82.31,,86.89
1998-01-01,86.64,80.28,78.23,76.19,80.17,89.5,90.8,90.68,87.4,89.69,79.24,84.98,82.68,92.13,92.94,83.36,90.78,93.6,,83.49,82.7,,87.2
1998-02-01,87.09,81.14,79.03,76.53,80.33,89.33,90.88,90.81,87.6,89.75,79.48,85.41,83.06,92.37,93.3,83.85,90.76,93.57,,84.61,83.13,,87.41
1998-03-01,87.52,82.73,80.45,77.48,80.69,89.42,90.75,90.91,88.2,89.99,80.2,85.67,83.03,92.86,94.48,84.28,91.1,94.07,,85.7,83.87,,87.92
1998-04-01,88.06,83.96,81.88,79.08,81.48,90.05,91.03,91.21,89.03,90.12,81.07,86.38,83.75,93.22,94.58,84.76,91.88,94.95,,86.92,84.69,,88.6
1998-05-01,88.6,85.4,83.13,80.82,82.4,90.78,91.43,91.47,89.86,90.88,82.55,87.25,84.35,93.99,94.5,85.52,92.61,95.61,,88.06,85.77,,89.41
1998-06-01,89.41,86.97,84.57,82.41,83.37,91.76,92.12,91.97,90.49,92.01,84.12,88.02,85.26,94.45,94.32,86.58,93.63,96.14,,89.16,87.03,,90.23
1998-07-01,90.05,88.62,85.81,83.52,84.2,92.29,92.67,92.72,90.76,92.59,85.42,88.79,86.14,94.78,94.58,87.7,93.94,96.44,,90.01,88.14,,90.9
1998-08-01,90.54,89.98,87.05,84.41,85.05,92.76,92.98,93.0,90.99,93.02,86.4,89.39,86.88,95.04,94.69,88.48,94.1,96.81,,90.41,89.01,,91.44
1998-09-01,90.86,90.95,87.82,85.06,85.79,92.79,93.2,93.47,91.28,92.8,87.19,90.01,87.36,95.17,95.14,89.04,94.17,97.03,,90.92,89.58,,91.79
1998-10-01,91.15,91.38,88.09,85.05,86.46,92.88,93.25,93.45,91.95,92.82,87.32,90.42,88.01,95.42,95.14,89.31,94.34,97.29,,91.38,89.8,,92.03
1998-11-01,91.59,91.38,88.28,84.66,86.96,92.98,93.49,93.8,92.55,92.14,87.14,91.02,88.79,95.39,95.46,89.41,94.54,97.41,,91.72,89.76,,92.23
1998-12-01,92.04,91.3,88.33,84.5,87.25,93.21,93.75,93.96,92.95,92.4,87.45,91.61,89.32,95.48,95.46,89.43,94.59,97.88,,91.55,89.82,,92.48
1999-01-01,92.41,91.22,89.18,85.03,87.93,93.47,94.01,94.0,93.29,92.42,88.48,92.26,89.73,95.73,95.92,89.49,94.95,98.19,,91.66,90.06,,92.75
1999-02-01,92.91,91.46,90.05,85.93,88.67,93.41,94.21,94.19,93.64,92.68,89.26,92.69,89.99,96.05,96.38,89.89,94.93,98.59,,91.98,90.49,,93.02
1999-03-01,93.81,92.37,91.32,87.51,90.22,93.89,94.75,94.28,94.34,92.83,90.14,92.82,90.42,97.19,96.33,90.56,95.67,98.2,,93.23,91.31,,93.65
1999-04-01,94.63,93.95,92.27,89.21,91.31,94.98,95.67,95.19,94.98,94.07,91.17,92.95,91.53,98.12,96.59,91.59,96.63,98.74,,94.66,92.55,,94.48
1999-05-01,95.14,95.27,93.11,90.82,92.51,95.81,96.21,96.02,95.91,95.37,92.79,93.82,92.36,98.9,97.27,92.49,97.37,99.38,,95.97,93.69,,95.4
1999-06-01,95.77,96.62,94.65,92.52,93.75,97.09,96.18,96.66,96.66,96.83,94.29,94.83,93.63,99.32,98.07,94.07,97.86,100.08,,97.16,95.1,,96.4
1999-07-01,96.33,97.49,95.71,94.2,94.92,98.15,96.79,97.46,97.32,97.51,96.08,96.22,94.79,99.55,98.58,95.47,98.06,100.35,,97.64,96.28,,97.23
1999-08-01,97.23,98.3,96.88,95.14,96.14,99.15,97.32,97.79,97.62,98.11,97.27,97.02,96.22,99.7,98.53,96.88,98.54,100.65,,98.11,97.31,,97.94
1999-09-01,97.91,98.63,97.77,96.15,97.62,99.58,98.01,98.22,98.01,98.31,98.33,98.03,97.7,99.82,99.03,97.67,98.76,100.71,,98.66,97.99,,98.44
1999-10-01,98.56,98.99,98.55,96.72,98.54,99.53,98.05,98.8,98.59,98.97,99.13,98.48,98.83,99.47,99.34,98.24,99.22,100.91,,99.45,98.48,,98.88
1999-11-01,99.03,99.34,99.19,97.87,99.06,99.39,98.68,98.94,99.12,99.38,99.67,99.1,99.54,99.3,99.78,98.59,99.54,100.34,,99.96,98.94,,99.2
1999-12-01,99.49,99.79,99.47,98.9,99.42,99.73,99.52,99.92,99.76,99.84,100.01,99.64,100.02,99.61,99.69,99.28,99.73,100.29,,99.94,99.51,,99.59
